{"cameraMode":{"drawMode":0,"name":"Shaded","section":"Shading Mode"},"sceneLighting":false,"audioPlay":false,"sceneViewState":{"m_AlwaysRefresh":true,"showFog":true,"showSkybox":false,"showFlares":true,"showImageEffects":true,"showParticleSystems":true,"showVisualEffectGraphs":true,"m_FxEnabled":true},"in2DMode":false,"pivot":{"x":0.35504767298698428,"y":0.1294914036989212,"z":-0.25246521830558779},"rotation":{"x":0.1003885567188263,"y":0.8734678626060486,"z":-0.20287691056728364,"w":0.43131333589553835},"size":1.299038052558899,"orthographic":false}