{"cameraMode":{"drawMode":0,"name":"Shaded","section":"Shading Mode"},"sceneLighting":false,"audioPlay":false,"sceneViewState":{"m_AlwaysRefresh":true,"showFog":true,"showSkybox":false,"showFlares":true,"showImageEffects":true,"showParticleSystems":true,"showVisualEffectGraphs":true,"m_FxEnabled":true},"in2DMode":false,"pivot":{"x":-0.2106112837791443,"y":-0.1546979695558548,"z":-0.6956216096878052},"rotation":{"x":0.03788229078054428,"y":0.9496793150901794,"z":-0.28472858667373659,"w":0.12576524913311006},"size":1.299038052558899,"orthographic":false}