{"cameraMode":{"drawMode":0,"name":"Shaded","section":"Shading Mode"},"sceneLighting":true,"audioPlay":false,"sceneViewState":{"m_AlwaysRefresh":true,"showFog":true,"showSkybox":true,"showFlares":true,"showImageEffects":true,"showParticleSystems":true,"showVisualEffectGraphs":true,"m_FxEnabled":true},"in2DMode":false,"pivot":{"x":-0.4703550338745117,"y":6.275030612945557,"z":2.82920241355896},"rotation":{"x":0.07341735810041428,"y":0.04761601239442825,"z":-0.0026093809865415098,"w":0.9963615536689758},"size":1.9672316312789918,"orthographic":false}