{"cameraMode":{"drawMode":0,"name":"Shaded","section":"Shading Mode"},"sceneLighting":true,"audioPlay":false,"sceneViewState":{"m_AlwaysRefresh":true,"showFog":true,"showSkybox":true,"showFlares":true,"showImageEffects":true,"showParticleSystems":true,"showVisualEffectGraphs":true,"m_FxEnabled":true},"in2DMode":false,"pivot":{"x":7.168842315673828,"y":10.923632621765137,"z":4.138945579528809},"rotation":{"x":0.25606951117515566,"y":-0.24736188352108003,"z":0.06838462501764298,"w":0.9321205019950867},"size":1.2928204536437989,"orthographic":false}